Pabrik,Tahun,Tipe,Pintu,Kursi,CC,Daerah,Harga
Daihatsu,2019-2023,Manual,5,5,996,Jabodetabek,188000000
Daihatsu,2019-2023,Manual,5,5,996,Jabodetabek,190000000
Toyota,2019-2023,Automatic,5,5,996,Jabodetabek,215000000
Daihatsu,2019-2023,Automatic,5,5,996,Luar Jabodetabek,220000000
Toyota,2019-2023,Automatic,5,5,996,Jabodetabek,222000000
Toyota,2019-2023,Automatic,5,5,996,Luar Jabodetabek,227000000
Toyota,2019-2023,Automatic,5,5,996,Jabodetabek,230000000
Toyota,2019-2023,Automatic,5,5,996,Luar Jabodetabek,230000000
Toyota,2019-2023,Automatic,5,5,996,Jabodetabek,231000000
Toyota,2019-2023,Automatic,5,5,996,Jabodetabek,231000000
Daihatsu,2019-2023,Automatic,5,5,996,Jabodetabek,215000000
Toyota,2019-2023,Automatic,5,5,996,Jabodetabek,220000000
Toyota,2019-2023,Automatic,5,5,996,Jabodetabek,250000000
Toyota,2014-2018,Manual,5,5,998,Jabodetabek,87000000
Daihatsu,2014-2018,Automatic,5,5,998,Luar Jabodetabek,97000000
Toyota,2014-2018,Manual,5,5,998,Luar Jabodetabek,103000000
Toyota,2014-2018,Automatic,5,5,998,Jabodetabek,87000000
Toyota,2014-2018,Automatic,5,5,998,Luar Jabodetabek,87000000
Daihatsu,2014-2018,Manual,5,5,998,Luar Jabodetabek,89000000
Toyota,2014-2018,Manual,5,5,998,Luar Jabodetabek,90000000
Toyota,2014-2018,Manual,5,5,998,Luar Jabodetabek,90000000
Daihatsu,2014-2018,Automatic,5,5,998,Jabodetabek,93000000
Daihatsu,2014-2018,Manual,5,5,998,Jabodetabek,96000000
Toyota,2014-2018,Manual,5,5,998,Jabodetabek,97000000
Toyota,2014-2018,Manual,5,5,998,Jabodetabek,97000000
Toyota,2014-2018,Manual,5,5,998,Jabodetabek,98000000
Toyota,2014-2018,Automatic,5,5,998,Luar Jabodetabek,99000000
Daihatsu,2014-2018,Manual,5,5,998,Luar Jabodetabek,105000000
Daihatsu,2014-2018,Manual,5,5,998,Luar Jabodetabek,83000000
Daihatsu,2014-2018,Automatic,5,5,998,Luar Jabodetabek,92000000
Daihatsu,2014-2018,Manual,5,5,998,Luar Jabodetabek,96000000
Daihatsu,2014-2018,Manual,5,5,998,Luar Jabodetabek,98000000
Daihatsu,2014-2018,Manual,5,5,998,Jabodetabek,99000000
Toyota,2014-2018,Manual,5,5,998,Jabodetabek,101000000
Daihatsu,2014-2018,Manual,5,5,998,Luar Jabodetabek,109000000
Daihatsu,2014-2018,Manual,5,5,998,Luar Jabodetabek,102000000
Daihatsu,2019-2023,Manual,5,5,998,Jabodetabek,99000000
Daihatsu,2019-2023,Manual,5,5,998,Luar Jabodetabek,106000000
Daihatsu,2019-2023,Manual,5,5,998,Jabodetabek,112000000
Suzuki,2019-2023,Manual,5,4,998,Luar Jabodetabek,130000000
Suzuki,2019-2023,Automatic,5,4,998,Jabodetabek,145000000
Suzuki,<=2013,Automatic,5,5,1197,Jabodetabek,105000000
Suzuki,2014-2018,Automatic,5,5,1197,Luar Jabodetabek,100000000
Daihatsu,2014-2018,Automatic,5,7,1197,Jabodetabek,111000000
Toyota,2014-2018,Manual,5,7,1197,Luar Jabodetabek,113000000
Daihatsu,2014-2018,Automatic,5,7,1197,Jabodetabek,114000000
Toyota,2014-2018,Automatic,5,7,1197,Jabodetabek,99000000
Toyota,2014-2018,Manual,5,7,1197,Luar Jabodetabek,107000000
Daihatsu,2014-2018,Automatic,5,7,1197,Luar Jabodetabek,117000000
Toyota,2014-2018,Manual,5,7,1197,Luar Jabodetabek,117500000
Toyota,2014-2018,Automatic,5,7,1197,Luar Jabodetabek,127500000
Daihatsu,2014-2018,Manual,5,5,1197,Luar Jabodetabek,111000000
Toyota,2014-2018,Manual,5,5,1197,Luar Jabodetabek,113000000
Suzuki,2014-2018,Manual,5,5,1197,Luar Jabodetabek,115000000
Suzuki,2014-2018,Manual,5,5,1197,Luar Jabodetabek,115000000
Daihatsu,2014-2018,Automatic,5,5,1197,Luar Jabodetabek,116000000
Daihatsu,2014-2018,Automatic,5,5,1197,Luar Jabodetabek,122000000
Suzuki,2014-2018,Automatic,5,5,1197,Luar Jabodetabek,129000000
Daihatsu,2014-2018,Automatic,5,7,1197,Luar Jabodetabek,109000000
Daihatsu,2014-2018,Automatic,5,7,1197,Jabodetabek,116000000
Toyota,2014-2018,Automatic,5,7,1197,Jabodetabek,118000000
Daihatsu,2014-2018,Automatic,5,7,1197,Luar Jabodetabek,126000000
Toyota,2014-2018,Automatic,5,7,1197,Jabodetabek,131000000
Suzuki,2014-2018,Manual,5,5,1197,Jabodetabek,106000000
Daihatsu,2014-2018,Automatic,5,5,1197,Luar Jabodetabek,109000000
Suzuki,2014-2018,Manual,5,5,1197,Jabodetabek,109000000
Daihatsu,2014-2018,Manual,5,5,1197,Jabodetabek,110000000
Daihatsu,2014-2018,Manual,5,5,1197,Luar Jabodetabek,111000000
Daihatsu,2014-2018,Manual,5,5,1197,Luar Jabodetabek,111000000
Suzuki,2014-2018,Automatic,5,5,1197,Luar Jabodetabek,111000000
Daihatsu,2014-2018,Manual,5,5,1197,Luar Jabodetabek,112000000
Suzuki,2014-2018,Manual,5,5,1197,Jabodetabek,117000000
Daihatsu,2014-2018,Manual,5,5,1197,Luar Jabodetabek,117000000
Toyota,2014-2018,Manual,5,5,1197,Luar Jabodetabek,118000000
Toyota,2014-2018,Manual,5,5,1197,Luar Jabodetabek,118000000
Daihatsu,2014-2018,Manual,5,5,1197,Jabodetabek,118000000
Daihatsu,2014-2018,Manual,5,5,1197,Luar Jabodetabek,119000000
Daihatsu,2014-2018,Manual,5,5,1197,Luar Jabodetabek,121000000
Daihatsu,2014-2018,Manual,5,5,1197,Luar Jabodetabek,121000000
Daihatsu,2014-2018,Automatic,5,5,1197,Luar Jabodetabek,121000000
Suzuki,2014-2018,Automatic,5,5,1197,Luar Jabodetabek,123000000
Toyota,2014-2018,Manual,5,5,1197,Jabodetabek,124000000
Toyota,2014-2018,Automatic,5,5,1197,Luar Jabodetabek,128000000
Toyota,2014-2018,Automatic,5,5,1197,Luar Jabodetabek,132000000
Daihatsu,2019-2023,Manual,5,7,1197,Luar Jabodetabek,106000000
Daihatsu,2019-2023,Manual,5,7,1197,Jabodetabek,108000000
Toyota,2019-2023,Manual,5,7,1197,Jabodetabek,121000000
Toyota,2019-2023,Manual,5,7,1197,Luar Jabodetabek,126000000
Daihatsu,2019-2023,Manual,5,7,1197,Luar Jabodetabek,127000000
Toyota,2019-2023,Manual,5,5,1197,Jabodetabek,98000000
Daihatsu,2019-2023,Manual,5,5,1197,Jabodetabek,105000000
Toyota,2019-2023,Manual,5,5,1197,Jabodetabek,116500000
Daihatsu,2019-2023,Manual,5,5,1197,Jabodetabek,117000000
Daihatsu,2019-2023,Manual,5,5,1197,Jabodetabek,118000000
Daihatsu,2019-2023,Manual,5,5,1197,Luar Jabodetabek,118000000
Daihatsu,2019-2023,Manual,5,5,1197,Luar Jabodetabek,118000000
Daihatsu,2019-2023,Manual,5,5,1197,Luar Jabodetabek,118000000
Daihatsu,2019-2023,Manual,5,5,1197,Luar Jabodetabek,120000000
Daihatsu,2019-2023,Manual,5,5,1197,Jabodetabek,120000000
Daihatsu,2019-2023,Manual,5,5,1197,Jabodetabek,120000000
Toyota,2019-2023,Manual,5,5,1197,Jabodetabek,121000000
Toyota,2019-2023,Manual,5,5,1197,Luar Jabodetabek,121000000
Suzuki,2019-2023,Manual,5,5,1197,Jabodetabek,122000000
Toyota,2019-2023,Manual,5,5,1197,Jabodetabek,123000000
Daihatsu,2019-2023,Manual,5,5,1197,Jabodetabek,123000000
Daihatsu,2019-2023,Manual,5,5,1197,Luar Jabodetabek,123000000
Toyota,2019-2023,Automatic,5,5,1197,Jabodetabek,125500000
Daihatsu,2019-2023,Automatic,5,5,1197,Jabodetabek,128000000
Toyota,2019-2023,Automatic,5,5,1197,Luar Jabodetabek,130000000
Suzuki,2019-2023,Automatic,5,5,1197,Luar Jabodetabek,135000000
Toyota,2019-2023,Automatic,5,5,1197,Luar Jabodetabek,137000000
Suzuki,2019-2023,Automatic,5,5,1197,Luar Jabodetabek,146000000
Suzuki,2019-2023,Automatic,5,5,1197,Jabodetabek,146000000
Suzuki,2019-2023,Automatic,5,5,1197,Luar Jabodetabek,149000000
Suzuki,2019-2023,Automatic,5,5,1197,Luar Jabodetabek,149000000
Suzuki,2019-2023,Automatic,5,5,1197,Jabodetabek,149000000
Daihatsu,2019-2023,Automatic,5,7,1197,Jabodetabek,129000000
Daihatsu,2019-2023,Automatic,5,7,1197,Jabodetabek,131000000
Toyota,2019-2023,Manual,5,7,1197,Jabodetabek,135000000
Toyota,2019-2023,Manual,5,7,1197,Jabodetabek,136000000
Toyota,2019-2023,Manual,5,7,1197,Jabodetabek,140000000
Toyota,2019-2023,Automatic,5,7,1197,Jabodetabek,142000000
Toyota,2019-2023,Automatic,5,7,1197,Jabodetabek,145000000
Daihatsu,2019-2023,Manual,5,5,1197,Jabodetabek,130000000
Toyota,2019-2023,Manual,5,5,1197,Luar Jabodetabek,136000000
Daihatsu,2019-2023,Automatic,5,5,1197,Luar Jabodetabek,139000000
Daihatsu,2019-2023,Automatic,5,5,1197,Luar Jabodetabek,140000000
Daihatsu,2019-2023,Automatic,5,5,1197,Luar Jabodetabek,141000000
Suzuki,2019-2023,Automatic,5,5,1197,Jabodetabek,142000000
Suzuki,2019-2023,Automatic,5,5,1197,Jabodetabek,156000000
Toyota,2019-2023,Manual,5,7,1197,Luar Jabodetabek,135000000
Toyota,2019-2023,Automatic,5,7,1197,Luar Jabodetabek,139500000
Toyota,2019-2023,Automatic,5,7,1197,Luar Jabodetabek,142000000
Toyota,2019-2023,Manual,5,7,1197,Jabodetabek,145000000
Toyota,2019-2023,Manual,5,5,1197,Jabodetabek,123000000
Daihatsu,2019-2023,Manual,5,5,1197,Luar Jabodetabek,124000000
Daihatsu,2019-2023,Automatic,5,5,1197,Jabodetabek,136000000
Toyota,2019-2023,Automatic,5,5,1197,Luar Jabodetabek,145000000
Suzuki,2019-2023,Manual,5,5,1197,Luar Jabodetabek,148000000
Suzuki,2019-2023,Automatic,5,5,1197,Luar Jabodetabek,175000000
Daihatsu,2019-2023,Manual,5,7,1197,Jabodetabek,134000000
Daihatsu,2019-2023,Manual,5,7,1197,Jabodetabek,136000000
Daihatsu,2019-2023,Automatic,5,7,1197,Jabodetabek,147000000
Daihatsu,2019-2023,Automatic,5,7,1197,Jabodetabek,149000000
Toyota,2019-2023,Automatic,5,7,1197,Jabodetabek,160000000
Daihatsu,2019-2023,Manual,5,5,1197,Jabodetabek,130000000
Toyota,2019-2023,Manual,5,5,1197,Luar Jabodetabek,138000000
Toyota,2019-2023,Manual,5,5,1197,Jabodetabek,138000000
Daihatsu,2019-2023,Automatic,5,5,1197,Jabodetabek,149000000
Toyota,2019-2023,Automatic,5,5,1197,Luar Jabodetabek,157000000
Daihatsu,2019-2023,Manual,5,7,1197,Luar Jabodetabek,138000000
Honda,2014-2018,Manual,5,5,1198,Jabodetabek,112000000
Honda,2014-2018,Manual,5,5,1198,Jabodetabek,112000000
Honda,2014-2018,Manual,5,5,1198,Luar Jabodetabek,112000000
Honda,2014-2018,Automatic,5,5,1198,Jabodetabek,123000000
Honda,2014-2018,Manual,5,5,1198,Jabodetabek,113000000
Honda,2014-2018,Manual,5,5,1198,Luar Jabodetabek,119000000
Daihatsu,2019-2023,Automatic,5,5,1198,Jabodetabek,191000000
Daihatsu,2019-2023,Automatic,5,5,1198,Jabodetabek,198000000
Toyota,2019-2023,Automatic,5,5,1198,Luar Jabodetabek,198000000
Honda,2014-2018,Automatic,5,5,1199,Jabodetabek,129000000
Honda,2014-2018,Automatic,5,5,1199,Jabodetabek,131000000
Honda,2014-2018,Automatic,5,5,1199,Jabodetabek,131000000
Honda,2014-2018,Automatic,5,5,1199,Luar Jabodetabek,115000000
Honda,2014-2018,Manual,5,5,1199,Jabodetabek,124000000
Honda,2014-2018,Manual,5,5,1199,Jabodetabek,112000000
Honda,2014-2018,Manual,5,5,1199,Luar Jabodetabek,126000000
Honda,2014-2018,Manual,5,5,1199,Jabodetabek,127000000
Honda,2014-2018,Automatic,5,5,1199,Jabodetabek,128000000
Honda,2014-2018,Manual,5,5,1199,Jabodetabek,134000000
Honda,2014-2018,Manual,5,5,1199,Jabodetabek,137000000
Honda,2014-2018,Automatic,5,5,1199,Luar Jabodetabek,138000000
Honda,2014-2018,Manual,5,5,1199,Luar Jabodetabek,142000000
Honda,2014-2018,Automatic,5,5,1199,Luar Jabodetabek,142000000
Honda,2014-2018,Automatic,5,5,1199,Luar Jabodetabek,143000000
Honda,2014-2018,Automatic,5,5,1199,Jabodetabek,143000000
Honda,2014-2018,Automatic,5,5,1199,Jabodetabek,144000000
Honda,2014-2018,Automatic,5,5,1199,Jabodetabek,149000000
Honda,2014-2018,Automatic,5,5,1199,Jabodetabek,150000000
Honda,2019-2023,Manual,5,5,1199,Luar Jabodetabek,145000000
Honda,2019-2023,Automatic,5,5,1199,Luar Jabodetabek,157000000
Honda,2019-2023,Automatic,5,5,1199,Luar Jabodetabek,158000000
Honda,2019-2023,Automatic,5,5,1199,Luar Jabodetabek,158000000
Honda,2019-2023,Automatic,5,5,1199,Luar Jabodetabek,158000000
Honda,2019-2023,Automatic,5,5,1199,Luar Jabodetabek,158000000
Honda,2019-2023,Automatic,5,5,1199,Luar Jabodetabek,158000000
Honda,2019-2023,Automatic,5,5,1199,Luar Jabodetabek,159000000
Honda,2019-2023,Automatic,5,5,1199,Jabodetabek,159000000
Honda,2019-2023,Automatic,5,5,1199,Luar Jabodetabek,159000000
Honda,2019-2023,Automatic,5,5,1199,Jabodetabek,161000000
Honda,2019-2023,Automatic,5,5,1199,Luar Jabodetabek,161000000
Honda,2019-2023,Automatic,5,5,1199,Luar Jabodetabek,175000000
Honda,2019-2023,Automatic,5,5,1199,Jabodetabek,180000000
Honda,2019-2023,Automatic,5,5,1199,Jabodetabek,182000000
Honda,2019-2023,Automatic,5,5,1199,Jabodetabek,157000000
Honda,2019-2023,Automatic,5,5,1199,Jabodetabek,170000000
Honda,2019-2023,Automatic,5,5,1199,Jabodetabek,184000000
Honda,2019-2023,Automatic,5,5,1199,Jabodetabek,185000000
Honda,2019-2023,Automatic,5,5,1199,Luar Jabodetabek,185000000
Honda,2019-2023,Manual,5,5,1199,Luar Jabodetabek,165000000
Honda,2019-2023,Automatic,5,5,1199,Luar Jabodetabek,178000000
Honda,2019-2023,Automatic,5,5,1199,Luar Jabodetabek,187000000
Honda,2019-2023,Automatic,5,5,1199,Jabodetabek,205000000
Honda,2019-2023,Automatic,5,5,1199,Luar Jabodetabek,189000000
Toyota,<=2013,Manual,5,7,1298,Jabodetabek,107500000
Daihatsu,<=2013,Automatic,5,7,1298,Luar Jabodetabek,104000000
Toyota,<=2013,Automatic,5,7,1298,Luar Jabodetabek,120000000
Daihatsu,<=2013,Automatic,5,7,1298,Jabodetabek,125000000
Daihatsu,<=2013,Manual,5,5,1298,Jabodetabek,78000000
Toyota,2014-2018,Manual,5,7,1298,Luar Jabodetabek,108000000
Toyota,2014-2018,Manual,5,7,1298,Luar Jabodetabek,110000000
Toyota,2014-2018,Manual,5,7,1298,Jabodetabek,124000000
Daihatsu,2014-2018,Manual,5,7,1298,Jabodetabek,135000000
Toyota,2014-2018,Automatic,5,7,1298,Jabodetabek,135000000
Daihatsu,2014-2018,Manual,5,2,1298,Jabodetabek,85000000
Daihatsu,2014-2018,Manual,5,8,1298,Jabodetabek,107500000
Toyota,2014-2018,Manual,5,7,1298,Luar Jabodetabek,134000000
Daihatsu,2014-2018,Manual,5,2,1298,Jabodetabek,97000000
Daihatsu,2014-2018,Manual,5,5,1298,Jabodetabek,105000000
Daihatsu,2014-2018,Manual,5,2,1298,Jabodetabek,89000000
Daihatsu,2014-2018,Manual,5,2,1298,Luar Jabodetabek,93000000
Daihatsu,2014-2018,Manual,5,8,1298,Luar Jabodetabek,107000000
Daihatsu,2014-2018,Manual,5,2,1298,Jabodetabek,125000000
Daihatsu,2019-2023,Manual,2,3,1298,Luar Jabodetabek,125000000
Daihatsu,2019-2023,Manual,5,8,1298,Luar Jabodetabek,165000000
Daihatsu,2014-2018,Manual,5,7,1329,Jabodetabek,115000000
Toyota,2014-2018,Automatic,5,7,1329,Jabodetabek,147000000
Toyota,2014-2018,Automatic,5,7,1329,Luar Jabodetabek,156000000
Daihatsu,2014-2018,Automatic,5,7,1329,Luar Jabodetabek,140000000
Toyota,2014-2018,Manual,5,7,1329,Luar Jabodetabek,158000000
Daihatsu,2019-2023,Manual,5,7,1329,Luar Jabodetabek,168000000
Daihatsu,2019-2023,Manual,5,7,1329,Jabodetabek,168000000
Toyota,2019-2023,Manual,5,7,1329,Luar Jabodetabek,173000000
Toyota,2019-2023,Automatic,5,7,1329,Luar Jabodetabek,178000000
Toyota,2019-2023,Automatic,5,7,1329,Luar Jabodetabek,185000000
Toyota,2019-2023,Automatic,5,7,1329,Luar Jabodetabek,190000000
Daihatsu,2019-2023,Manual,5,7,1329,Jabodetabek,165000000
Toyota,2019-2023,Manual,5,7,1329,Jabodetabek,180000000
Toyota,2019-2023,Automatic,5,7,1329,Jabodetabek,185000000
Daihatsu,2019-2023,Manual,5,7,1329,Jabodetabek,175000000
Daihatsu,2019-2023,Automatic,5,7,1329,Jabodetabek,179000000
Daihatsu,2019-2023,Automatic,5,7,1329,Luar Jabodetabek,189000000
Suzuki,2014-2018,Manual,5,5,1372,Jabodetabek,160000000
Suzuki,<=2013,Manual,5,7,1373,Jabodetabek,120000000
Suzuki,<=2013,Automatic,5,7,1373,Jabodetabek,115000000
Suzuki,<=2013,Manual,5,7,1373,Jabodetabek,121000000
Suzuki,<=2013,Manual,5,7,1373,Luar Jabodetabek,123000000
Suzuki,2014-2018,Automatic,5,7,1373,Luar Jabodetabek,119000000
Suzuki,2014-2018,Automatic,5,7,1373,Luar Jabodetabek,119000000
Suzuki,2014-2018,Manual,5,7,1373,Jabodetabek,125000000
Suzuki,2014-2018,Manual,5,7,1373,Jabodetabek,137000000
Suzuki,2014-2018,Automatic,5,7,1373,Luar Jabodetabek,140000000
Suzuki,2014-2018,Automatic,5,7,1373,Jabodetabek,142000000
Suzuki,2014-2018,Automatic,5,7,1373,Jabodetabek,157000000
Suzuki,2014-2018,Automatic,5,7,1373,Jabodetabek,160000000
Suzuki,2014-2018,Manual,5,7,1373,Luar Jabodetabek,153000000
Suzuki,2014-2018,Manual,5,7,1373,Luar Jabodetabek,154000000
Suzuki,2014-2018,Automatic,5,7,1373,Luar Jabodetabek,157000000
Suzuki,2014-2018,Automatic,5,7,1373,Luar Jabodetabek,165000000
Suzuki,2014-2018,Manual,5,5,1373,Luar Jabodetabek,154000000
Suzuki,2014-2018,Automatic,5,5,1373,Jabodetabek,172000000
Suzuki,2014-2018,Manual,5,7,1373,Luar Jabodetabek,157000000
Suzuki,2014-2018,Manual,5,7,1373,Luar Jabodetabek,160000000
Suzuki,2014-2018,Automatic,5,7,1373,Luar Jabodetabek,160000000
Suzuki,2014-2018,Automatic,5,7,1373,Jabodetabek,171000000
Suzuki,2014-2018,Automatic,5,5,1373,Jabodetabek,155000000
Suzuki,2014-2018,Automatic,5,5,1373,Luar Jabodetabek,166858974
Suzuki,2019-2023,Automatic,5,5,1373,Luar Jabodetabek,153000000
Suzuki,2019-2023,Automatic,5,5,1373,Luar Jabodetabek,178000000
Suzuki,2019-2023,Automatic,5,5,1373,Luar Jabodetabek,178800000
Suzuki,2019-2023,Automatic,5,5,1373,Jabodetabek,180000000
Suzuki,2019-2023,Automatic,5,5,1373,Luar Jabodetabek,181000000
Suzuki,2019-2023,Automatic,5,5,1373,Jabodetabek,181000000
Suzuki,2019-2023,Automatic,5,5,1373,Jabodetabek,181000000
Suzuki,2019-2023,Automatic,5,5,1373,Jabodetabek,181000000
Suzuki,2019-2023,Automatic,5,5,1373,Luar Jabodetabek,182000000
Suzuki,2019-2023,Automatic,5,5,1373,Luar Jabodetabek,189500000
Suzuki,2019-2023,Automatic,5,5,1373,Jabodetabek,198000000
Suzuki,2019-2023,Automatic,5,5,1373,Jabodetabek,169000000
Suzuki,2014-2018,Automatic,5,7,1462,Jabodetabek,169943396
Suzuki,2014-2018,Manual,5,7,1462,Jabodetabek,173000000
Suzuki,2014-2018,Automatic,5,7,1462,Jabodetabek,180000000
Suzuki,2019-2023,Manual,5,7,1462,Luar Jabodetabek,140000000
Suzuki,2019-2023,Manual,5,7,1462,Jabodetabek,140000000
Suzuki,2019-2023,Manual,5,7,1462,Luar Jabodetabek,152000000
Suzuki,2019-2023,Manual,5,7,1462,Luar Jabodetabek,166000000
Suzuki,2019-2023,Automatic,5,7,1462,Luar Jabodetabek,168000000
Suzuki,2019-2023,Automatic,5,7,1462,Luar Jabodetabek,185000000
Suzuki,2019-2023,Manual,5,7,1462,Jabodetabek,188000000
Suzuki,2019-2023,Manual,5,7,1462,Jabodetabek,188000000
Suzuki,2019-2023,Automatic,5,7,1462,Jabodetabek,189000000
Suzuki,2019-2023,Automatic,5,7,1462,Luar Jabodetabek,195000000
Suzuki,2019-2023,Automatic,5,7,1462,Luar Jabodetabek,201000000
Suzuki,2019-2023,Automatic,5,7,1462,Luar Jabodetabek,204000000
Suzuki,2019-2023,Automatic,5,7,1462,Luar Jabodetabek,188000000
Suzuki,2019-2023,Automatic,5,7,1462,Jabodetabek,193000000
Suzuki,2019-2023,Automatic,5,7,1462,Jabodetabek,214000000
Suzuki,2019-2023,Manual,2,3,1462,Jabodetabek,107000000
Suzuki,2019-2023,Automatic,5,7,1462,Luar Jabodetabek,188000000
Suzuki,2019-2023,Automatic,5,7,1462,Jabodetabek,205000000
Suzuki,2019-2023,Automatic,5,7,1462,Jabodetabek,213000000
Suzuki,2019-2023,Automatic,5,7,1462,Jabodetabek,213000000
Suzuki,2019-2023,Automatic,5,7,1462,Jabodetabek,222000000
Suzuki,2019-2023,Automatic,5,7,1462,Luar Jabodetabek,225000000
Suzuki,2019-2023,Automatic,5,7,1462,Jabodetabek,228000000
Suzuki,2019-2023,Automatic,5,7,1462,Jabodetabek,228000000
Suzuki,2019-2023,Automatic,5,7,1462,Luar Jabodetabek,228000000
Suzuki,2019-2023,Manual,2,3,1462,Luar Jabodetabek,118000000
Suzuki,2019-2023,Automatic,5,7,1462,Luar Jabodetabek,180000000
Suzuki,2019-2023,Automatic,5,7,1462,Luar Jabodetabek,180000000
Suzuki,2019-2023,Manual,5,7,1462,Jabodetabek,190000000
Suzuki,2019-2023,Manual,5,7,1462,Jabodetabek,197000000
Suzuki,2019-2023,Manual,5,7,1462,Jabodetabek,207000000
Suzuki,2019-2023,Automatic,5,7,1462,Luar Jabodetabek,218500000
Suzuki,2019-2023,Manual,5,7,1462,Luar Jabodetabek,220000000
Suzuki,2019-2023,Automatic,5,7,1462,Jabodetabek,229000000
Suzuki,2019-2023,Automatic,5,7,1462,Jabodetabek,230000000
Suzuki,2019-2023,Manual,2,3,1462,Jabodetabek,111000000
Suzuki,2019-2023,Manual,2,3,1462,Jabodetabek,111000000
Suzuki,2019-2023,Manual,2,3,1462,Luar Jabodetabek,124000000
Mitsubishi,2014-2018,Manual,2,3,1468,Jabodetabek,79000000
Mitsubishi,2014-2018,Manual,2,3,1468,Jabodetabek,77500000
Suzuki,<=2013,Manual,5,5,1490,Jabodetabek,89000000
Suzuki,2014-2018,Automatic,5,5,1491,Jabodetabek,159000000
Suzuki,2014-2018,Automatic,5,5,1491,Jabodetabek,164000000
Suzuki,2014-2018,Automatic,5,5,1491,Jabodetabek,164000000
Suzuki,2014-2018,Automatic,5,5,1491,Luar Jabodetabek,169000000
Suzuki,2014-2018,Automatic,5,5,1491,Jabodetabek,192000000
Suzuki,2014-2018,Automatic,5,5,1491,Jabodetabek,215000000
Suzuki,2019-2023,Automatic,5,5,1491,Jabodetabek,199000000
Suzuki,2019-2023,Automatic,5,5,1491,Jabodetabek,202000000
Suzuki,2019-2023,Automatic,5,5,1491,Luar Jabodetabek,202000000
Suzuki,2019-2023,Automatic,5,5,1491,Jabodetabek,202000000
Suzuki,2019-2023,Manual,2,3,1493,Luar Jabodetabek,94000000
Toyota,<=2013,Automatic,5,7,1495,Luar Jabodetabek,99000000
Daihatsu,2014-2018,Manual,5,7,1495,Luar Jabodetabek,141000000
Toyota,2014-2018,Automatic,5,5,1495,Jabodetabek,135000000
Toyota,2014-2018,Automatic,5,5,1495,Luar Jabodetabek,150000000
Daihatsu,2014-2018,Manual,5,7,1495,Jabodetabek,149000000
Toyota,2014-2018,Manual,5,5,1495,Luar Jabodetabek,161000000
Toyota,2014-2018,Manual,5,5,1495,Jabodetabek,163000000
Toyota,2014-2018,Manual,5,5,1495,Luar Jabodetabek,169000000
Daihatsu,2014-2018,Manual,5,8,1495,Jabodetabek,159000000
Daihatsu,2014-2018,Manual,5,8,1495,Jabodetabek,159000000
Daihatsu,2014-2018,Automatic,5,7,1495,Jabodetabek,149500000
Daihatsu,2014-2018,Manual,5,7,1495,Luar Jabodetabek,129000000
Daihatsu,2014-2018,Automatic,5,7,1495,Luar Jabodetabek,170000000
Daihatsu,2014-2018,Automatic,5,7,1495,Luar Jabodetabek,170000000
Daihatsu,2014-2018,Automatic,5,7,1495,Luar Jabodetabek,170000000
Daihatsu,2019-2023,Manual,2,3,1495,Jabodetabek,114500000
Daihatsu,2019-2023,Manual,2,3,1495,Jabodetabek,135000000
Honda,<=2013,Automatic,5,5,1496,Jabodetabek,139000000
Honda,<=2013,Automatic,5,5,1496,Jabodetabek,138000000
Honda,<=2013,Automatic,5,5,1496,Jabodetabek,140000000
Honda,<=2013,Automatic,5,5,1496,Luar Jabodetabek,140000000
Honda,<=2013,Automatic,5,5,1496,Luar Jabodetabek,165000000
Toyota,2014-2018,Automatic,5,7,1496,Luar Jabodetabek,141000000
Toyota,2014-2018,Automatic,5,7,1496,Luar Jabodetabek,141000000
Honda,2014-2018,Manual,5,5,1496,Jabodetabek,145000000
Honda,2014-2018,Automatic,5,7,1496,Luar Jabodetabek,123500000
Toyota,2014-2018,Automatic,5,7,1496,Luar Jabodetabek,125000000
Honda,2014-2018,Automatic,5,7,1496,Jabodetabek,138000000
Honda,2014-2018,Automatic,5,7,1496,Luar Jabodetabek,148000000
Honda,2014-2018,Automatic,5,7,1496,Jabodetabek,162500000
Honda,2014-2018,Manual,5,7,1496,Jabodetabek,139000000
Honda,2014-2018,Manual,5,7,1496,Luar Jabodetabek,141000000
Honda,2014-2018,Automatic,5,7,1496,Jabodetabek,148000000
Honda,2014-2018,Automatic,5,7,1496,Jabodetabek,159000000
Toyota,2014-2018,Automatic,5,5,1496,Jabodetabek,159500000
Honda,2014-2018,Automatic,5,7,1496,Luar Jabodetabek,157000000
Honda,2014-2018,Manual,5,7,1496,Luar Jabodetabek,157000000
Toyota,2014-2018,Automatic,5,7,1496,Luar Jabodetabek,158500000
Honda,2014-2018,Automatic,5,7,1496,Jabodetabek,160000000
Honda,2014-2018,Automatic,5,7,1496,Jabodetabek,163500000
Toyota,2014-2018,Automatic,5,7,1496,Jabodetabek,167000000
Toyota,2014-2018,Automatic,5,7,1496,Jabodetabek,168000000
Honda,2014-2018,Automatic,5,7,1496,Jabodetabek,170000000
Toyota,2014-2018,Automatic,5,7,1496,Jabodetabek,170000000
Toyota,2014-2018,Automatic,5,7,1496,Jabodetabek,170000000
Toyota,2014-2018,Automatic,5,7,1496,Jabodetabek,170000000
Honda,2014-2018,Automatic,5,7,1496,Jabodetabek,170229729
Honda,2014-2018,Automatic,5,7,1496,Luar Jabodetabek,173000000
Honda,2014-2018,Automatic,5,7,1496,Luar Jabodetabek,173000000
Honda,2014-2018,Automatic,5,7,1496,Luar Jabodetabek,174000000
Toyota,2014-2018,Automatic,4,5,1496,Luar Jabodetabek,173000000
Honda,2014-2018,Manual,5,7,1496,Jabodetabek,143000000
Honda,2014-2018,Manual,5,7,1496,Jabodetabek,144000000
Honda,2014-2018,Manual,5,7,1496,Jabodetabek,148000000
Toyota,2014-2018,Automatic,5,7,1496,Jabodetabek,163000000
Daihatsu,2014-2018,Automatic,5,7,1496,Jabodetabek,179000000
Daihatsu,2014-2018,Automatic,5,7,1496,Jabodetabek,180000000
Honda,2014-2018,Automatic,5,7,1496,Jabodetabek,185000000
Daihatsu,2014-2018,Manual,5,7,1496,Luar Jabodetabek,188181818
Toyota,2014-2018,Automatic,5,7,1496,Jabodetabek,200000000
Toyota,2014-2018,Automatic,5,7,1496,Jabodetabek,203000000
Toyota,2014-2018,Automatic,5,7,1496,Jabodetabek,205000000
Toyota,2014-2018,Manual,5,7,1496,Luar Jabodetabek,205000000
Toyota,2014-2018,Manual,5,7,1496,Luar Jabodetabek,207000000
Toyota,2014-2018,Automatic,5,7,1496,Luar Jabodetabek,213000000
Toyota,2014-2018,Automatic,5,7,1496,Jabodetabek,216000000
Toyota,2014-2018,Manual,5,7,1496,Luar Jabodetabek,217000000
Toyota,2014-2018,Automatic,5,7,1496,Jabodetabek,219000000
Toyota,2014-2018,Automatic,5,5,1496,Jabodetabek,208000000
Toyota,2014-2018,Automatic,5,5,1496,Jabodetabek,214000000
Honda,2019-2023,Automatic,5,7,1496,Luar Jabodetabek,155000000
Honda,2019-2023,Automatic,5,7,1496,Jabodetabek,170000000
Honda,2019-2023,Manual,5,7,1496,Jabodetabek,172500000
Honda,2019-2023,Automatic,5,7,1496,Luar Jabodetabek,189000000
Daihatsu,2019-2023,Manual,5,7,1496,Luar Jabodetabek,192000000
Daihatsu,2019-2023,Manual,5,7,1496,Luar Jabodetabek,195000000
Daihatsu,2019-2023,Manual,5,7,1496,Luar Jabodetabek,195000000
Daihatsu,2019-2023,Manual,5,7,1496,Jabodetabek,195000000
Daihatsu,2019-2023,Manual,5,7,1496,Luar Jabodetabek,195000000
Daihatsu,2019-2023,Automatic,5,7,1496,Luar Jabodetabek,196000000
Toyota,2019-2023,Manual,5,7,1496,Jabodetabek,199500000
Daihatsu,2019-2023,Manual,5,7,1496,Luar Jabodetabek,205000000
Toyota,2019-2023,Automatic,5,7,1496,Jabodetabek,227000000
Toyota,2019-2023,Automatic,5,5,1496,Luar Jabodetabek,193000000
Toyota,2019-2023,Automatic,5,5,1496,Luar Jabodetabek,195000000
Toyota,2019-2023,Automatic,5,5,1496,Jabodetabek,210000000
Toyota,2019-2023,Automatic,5,5,1496,Luar Jabodetabek,223000000
Toyota,2019-2023,Automatic,5,5,1496,Luar Jabodetabek,223000000
Toyota,2019-2023,Automatic,5,5,1496,Jabodetabek,223000000
Toyota,2019-2023,Automatic,5,5,1496,Jabodetabek,232500000
Honda,2019-2023,Automatic,5,7,1496,Luar Jabodetabek,156000000
Honda,2019-2023,Automatic,5,7,1496,Luar Jabodetabek,178000000
Honda,2019-2023,Automatic,5,7,1496,Luar Jabodetabek,195000000
Daihatsu,2019-2023,Automatic,5,7,1496,Luar Jabodetabek,203000000
Toyota,2019-2023,Automatic,5,7,1496,Luar Jabodetabek,203000000
Toyota,2019-2023,Automatic,5,7,1496,Jabodetabek,230000000
Toyota,2019-2023,Automatic,5,5,1496,Luar Jabodetabek,223000000
Honda,2019-2023,Automatic,5,7,1496,Luar Jabodetabek,179000000
Daihatsu,2019-2023,Manual,5,7,1496,Luar Jabodetabek,183000000
Toyota,2019-2023,Manual,5,7,1496,Jabodetabek,188000000
Toyota,2019-2023,Automatic,5,7,1496,Jabodetabek,199000000
Honda,2019-2023,Automatic,5,7,1496,Luar Jabodetabek,199000000
Toyota,2019-2023,Manual,5,7,1496,Jabodetabek,208000000
Toyota,2019-2023,Automatic,5,7,1496,Luar Jabodetabek,211000000
Toyota,2019-2023,Automatic,5,7,1496,Jabodetabek,215000000
Honda,2019-2023,Automatic,5,7,1496,Jabodetabek,215000000
Toyota,2019-2023,Manual,5,7,1496,Luar Jabodetabek,220000000
Toyota,2019-2023,Automatic,5,7,1496,Luar Jabodetabek,220000000
Toyota,2019-2023,Automatic,5,7,1496,Luar Jabodetabek,222000000
Toyota,2019-2023,Automatic,5,7,1496,Luar Jabodetabek,222000000
Toyota,2019-2023,Automatic,5,7,1496,Jabodetabek,242000000
Toyota,2019-2023,Automatic,5,7,1496,Jabodetabek,250000000
Toyota,2019-2023,Automatic,5,5,1496,Luar Jabodetabek,240000000
Toyota,2019-2023,Automatic,5,5,1496,Luar Jabodetabek,249000000
Toyota,2019-2023,Automatic,5,5,1496,Luar Jabodetabek,249000000
Toyota,2019-2023,Automatic,5,5,1496,Luar Jabodetabek,249000000
Toyota,2019-2023,Automatic,5,5,1496,Jabodetabek,249000000
Toyota,2019-2023,Automatic,5,5,1496,Luar Jabodetabek,256000000
Daihatsu,2019-2023,Automatic,5,7,1496,Jabodetabek,212000000
Toyota,2019-2023,Manual,5,7,1496,Jabodetabek,223000000
Toyota,2019-2023,Automatic,5,7,1496,Jabodetabek,227000000
Toyota,2019-2023,Automatic,5,7,1496,Jabodetabek,245000000
Toyota,2019-2023,Manual,5,7,1496,Jabodetabek,245000000
Honda,<=2013,Automatic,5,7,1497,Luar Jabodetabek,139000000
Honda,<=2013,Automatic,5,7,1497,Jabodetabek,165000000
Honda,<=2013,Automatic,5,7,1497,Luar Jabodetabek,138000000
Honda,<=2013,Automatic,5,7,1497,Jabodetabek,165000000
Toyota,<=2013,Manual,5,5,1497,Jabodetabek,129900000
Toyota,2014-2018,Automatic,5,5,1497,Luar Jabodetabek,158000000
Honda,2014-2018,Automatic,5,5,1497,Luar Jabodetabek,171000000
Honda,2014-2018,Automatic,5,5,1497,Luar Jabodetabek,176000000
Honda,2014-2018,Manual,5,5,1497,Jabodetabek,177000000
Honda,2014-2018,Automatic,5,5,1497,Jabodetabek,180000000
Honda,2014-2018,Automatic,5,5,1497,Jabodetabek,182000000
Honda,2014-2018,Automatic,5,5,1497,Luar Jabodetabek,189000000
Honda,2014-2018,Automatic,5,5,1497,Luar Jabodetabek,194000000
Honda,2014-2018,Automatic,5,5,1497,Luar Jabodetabek,195000000
Honda,2014-2018,Automatic,5,5,1497,Luar Jabodetabek,203000000
Honda,2014-2018,Automatic,5,5,1497,Luar Jabodetabek,205000000
Toyota,2014-2018,Manual,5,7,1497,Jabodetabek,137000000
Honda,2014-2018,Manual,5,7,1497,Jabodetabek,154000000
Toyota,2014-2018,Automatic,5,7,1497,Jabodetabek,155000000
Honda,2014-2018,Automatic,5,7,1497,Luar Jabodetabek,165000000
Honda,2014-2018,Automatic,5,7,1497,Luar Jabodetabek,165000000
Toyota,2014-2018,Manual,5,7,1497,Luar Jabodetabek,165000000
Toyota,2014-2018,Automatic,5,7,1497,Jabodetabek,169000000
Honda,2014-2018,Automatic,5,7,1497,Luar Jabodetabek,175000000
Honda,2014-2018,Automatic,5,7,1497,Luar Jabodetabek,180000000
Toyota,2014-2018,Automatic,5,7,1497,Jabodetabek,190000000
Toyota,2014-2018,Automatic,5,5,1497,Jabodetabek,155000000
Honda,2014-2018,Automatic,5,5,1497,Jabodetabek,189000000
Honda,2014-2018,Automatic,5,5,1497,Jabodetabek,195000000
Honda,2014-2018,Automatic,5,5,1497,Jabodetabek,210000000
Honda,2014-2018,Automatic,5,5,1497,Luar Jabodetabek,212000000
Honda,2014-2018,Manual,5,7,1497,Luar Jabodetabek,160000000
Honda,2014-2018,Automatic,5,7,1497,Jabodetabek,176000000
Honda,2014-2018,Automatic,5,7,1497,Jabodetabek,178000000
Toyota,2014-2018,Automatic,5,7,1497,Luar Jabodetabek,183000000
Toyota,2014-2018,Automatic,5,7,1497,Jabodetabek,185000000
Toyota,2014-2018,Automatic,5,7,1497,Luar Jabodetabek,191000000
Toyota,2014-2018,Automatic,5,7,1497,Luar Jabodetabek,191000000
Honda,2014-2018,Automatic,5,5,1497,Luar Jabodetabek,186000000
Honda,2014-2018,Automatic,5,5,1497,Jabodetabek,195000000
Honda,2014-2018,Automatic,5,5,1497,Luar Jabodetabek,199000000
Honda,2014-2018,Automatic,5,5,1497,Jabodetabek,204000000
Honda,2014-2018,Automatic,5,5,1497,Jabodetabek,205000000
Honda,2014-2018,Automatic,5,5,1497,Jabodetabek,207000000
Honda,2014-2018,Automatic,5,5,1497,Jabodetabek,210000000
Honda,2014-2018,Automatic,5,5,1497,Jabodetabek,215000000
Honda,2014-2018,Automatic,5,5,1497,Luar Jabodetabek,215000000
Honda,2014-2018,Automatic,5,5,1497,Jabodetabek,223000000
Honda,2014-2018,Automatic,5,5,1497,Luar Jabodetabek,223000000
Honda,2014-2018,Manual,5,5,1497,Jabodetabek,225000000
Honda,2014-2018,Automatic,5,5,1497,Luar Jabodetabek,232000000
Toyota,2014-2018,Manual,5,7,1497,Luar Jabodetabek,166500000
Toyota,2014-2018,Automatic,5,7,1497,Luar Jabodetabek,198500000
Honda,2014-2018,Automatic,5,5,1497,Luar Jabodetabek,188000000
Honda,2014-2018,Automatic,5,5,1497,Jabodetabek,193500000
Honda,2014-2018,Automatic,5,5,1497,Jabodetabek,213000000
Honda,2014-2018,Automatic,5,5,1497,Luar Jabodetabek,217000000
Honda,2014-2018,Automatic,5,5,1497,Luar Jabodetabek,227000000
Honda,2014-2018,Automatic,5,5,1497,Jabodetabek,228000000
Honda,2014-2018,Automatic,5,5,1497,Jabodetabek,228000000
Honda,2014-2018,Automatic,5,5,1497,Jabodetabek,230000000
Honda,2014-2018,Automatic,5,5,1497,Jabodetabek,234000000
Honda,2014-2018,Automatic,5,5,1497,Jabodetabek,237000000
Honda,2014-2018,Automatic,5,5,1497,Luar Jabodetabek,239238348
Honda,2014-2018,Automatic,5,5,1497,Luar Jabodetabek,242000000
Honda,2014-2018,Automatic,5,5,1497,Luar Jabodetabek,243000000
Honda,2014-2018,Automatic,5,5,1497,Luar Jabodetabek,245000009
Honda,2014-2018,Automatic,5,5,1497,Luar Jabodetabek,255000000
Honda,2014-2018,Automatic,5,5,1497,Luar Jabodetabek,259000000
Honda,2014-2018,Automatic,5,5,1497,Jabodetabek,261000000
Honda,2014-2018,Automatic,5,5,1497,Luar Jabodetabek,264000000
Honda,2019-2023,Automatic,5,7,1497,Luar Jabodetabek,204000000
Honda,2019-2023,Automatic,5,7,1497,Luar Jabodetabek,213000000
Honda,2019-2023,Manual,5,5,1497,Jabodetabek,235000000
Honda,2019-2023,Manual,5,5,1497,Luar Jabodetabek,245000000
Honda,2019-2023,Manual,5,5,1497,Luar Jabodetabek,245000000
Honda,2019-2023,Automatic,5,5,1497,Jabodetabek,250000000
Honda,2019-2023,Automatic,5,5,1497,Jabodetabek,253000000
Honda,2019-2023,Automatic,5,5,1497,Jabodetabek,255000000
Honda,2019-2023,Automatic,5,5,1497,Jabodetabek,267000000
Honda,2019-2023,Automatic,5,5,1497,Luar Jabodetabek,275000000
Honda,2019-2023,Automatic,5,5,1497,Jabodetabek,281000000
Honda,2019-2023,Automatic,5,5,1497,Jabodetabek,290000000
Honda,2019-2023,Automatic,5,7,1497,Luar Jabodetabek,223000000
Honda,2019-2023,Automatic,5,7,1497,Luar Jabodetabek,223000000
Honda,2019-2023,Automatic,5,7,1497,Jabodetabek,223000000
Honda,2019-2023,Automatic,5,5,1497,Luar Jabodetabek,235000000
Honda,2019-2023,Automatic,5,5,1497,Luar Jabodetabek,249000000
Honda,2019-2023,Automatic,5,5,1497,Jabodetabek,268000000
Honda,2019-2023,Automatic,5,5,1497,Luar Jabodetabek,273000000
Honda,2019-2023,Automatic,5,5,1497,Jabodetabek,280000000
Honda,2019-2023,Automatic,5,7,1497,Luar Jabodetabek,209000000
Toyota,2019-2023,Automatic,5,7,1497,Luar Jabodetabek,249000000
Honda,2019-2023,Automatic,5,5,1497,Luar Jabodetabek,236000000
Honda,2019-2023,Automatic,5,5,1497,Luar Jabodetabek,251000000
Honda,2019-2023,Automatic,5,5,1497,Jabodetabek,265000000
Honda,2019-2023,Automatic,5,7,1497,Jabodetabek,240000000
Honda,2019-2023,Automatic,5,5,1497,Luar Jabodetabek,332000000
Honda,2014-2018,Automatic,5,7,1498,Jabodetabek,330000000
Honda,2014-2018,Automatic,5,7,1498,Luar Jabodetabek,363000000
Honda,2014-2018,Automatic,4,5,1498,Jabodetabek,323000000
Honda,2014-2018,Automatic,4,5,1498,Luar Jabodetabek,335000000
Honda,2014-2018,Automatic,5,7,1498,Jabodetabek,349000000
Honda,2014-2018,Automatic,5,7,1498,Luar Jabodetabek,358000000
Honda,2014-2018,Automatic,5,7,1498,Luar Jabodetabek,358000000
Honda,2014-2018,Automatic,5,7,1498,Jabodetabek,360000000
Honda,2014-2018,Automatic,5,7,1498,Luar Jabodetabek,378000000
Honda,2014-2018,Automatic,5,7,1498,Jabodetabek,381000000
Honda,2014-2018,Automatic,5,7,1498,Luar Jabodetabek,385000000
Honda,2014-2018,Automatic,5,7,1498,Jabodetabek,385000000
Honda,2014-2018,Automatic,5,7,1498,Luar Jabodetabek,406000000
Honda,2019-2023,Automatic,5,7,1498,Luar Jabodetabek,395000000
Honda,2019-2023,Automatic,5,7,1498,Luar Jabodetabek,395000000
Honda,2019-2023,Automatic,5,7,1498,Luar Jabodetabek,415000000
Honda,2019-2023,Automatic,5,7,1498,Luar Jabodetabek,416000000
Honda,2019-2023,Automatic,4,5,1498,Luar Jabodetabek,359000000
Honda,2019-2023,Automatic,4,5,1498,Luar Jabodetabek,385000000
Honda,2019-2023,Automatic,5,5,1498,Luar Jabodetabek,455000000
Honda,2019-2023,Automatic,5,7,1498,Jabodetabek,506000000
Honda,2019-2023,Automatic,5,5,1498,Luar Jabodetabek,235000000
Honda,2019-2023,Automatic,5,5,1498,Luar Jabodetabek,245000000
Honda,2019-2023,Manual,5,5,1498,Luar Jabodetabek,250000000
Honda,2019-2023,Automatic,5,5,1498,Luar Jabodetabek,255000000
Honda,2019-2023,Automatic,5,5,1498,Luar Jabodetabek,262576997
Honda,2019-2023,Automatic,5,5,1498,Luar Jabodetabek,263000000
Honda,2019-2023,Automatic,5,5,1498,Jabodetabek,268000000
Honda,2019-2023,Automatic,5,7,1498,Jabodetabek,248000000
Honda,2019-2023,Automatic,5,7,1498,Jabodetabek,253000000
Honda,2019-2023,Automatic,5,7,1498,Luar Jabodetabek,260000000
Honda,2019-2023,Automatic,5,7,1498,Jabodetabek,520000000
Honda,2019-2023,Automatic,5,5,1498,Jabodetabek,440000000
Honda,2019-2023,Automatic,5,5,1498,Luar Jabodetabek,380000000
Mitsubishi,2014-2018,Automatic,5,7,1499,Luar Jabodetabek,185000000
Mitsubishi,2014-2018,Automatic,5,7,1499,Luar Jabodetabek,186000000
Mitsubishi,2014-2018,Automatic,5,7,1499,Jabodetabek,189000000
Mitsubishi,2014-2018,Automatic,5,7,1499,Luar Jabodetabek,189500000
Mitsubishi,2014-2018,Automatic,5,7,1499,Luar Jabodetabek,192000000
Mitsubishi,2014-2018,Automatic,5,7,1499,Luar Jabodetabek,195000000
Mitsubishi,2014-2018,Automatic,5,7,1499,Luar Jabodetabek,198000000
Mitsubishi,2014-2018,Automatic,5,7,1499,Luar Jabodetabek,198000000
Mitsubishi,2014-2018,Automatic,5,7,1499,Luar Jabodetabek,198000000
Mitsubishi,2014-2018,Automatic,5,7,1499,Luar Jabodetabek,200000000
Mitsubishi,2014-2018,Automatic,5,7,1499,Jabodetabek,205000000
Mitsubishi,2014-2018,Automatic,5,7,1499,Jabodetabek,205000000
Mitsubishi,2014-2018,Automatic,5,7,1499,Jabodetabek,207000000
Mitsubishi,2014-2018,Automatic,5,7,1499,Jabodetabek,208000000
Mitsubishi,2014-2018,Automatic,5,7,1499,Luar Jabodetabek,208000000
Mitsubishi,2014-2018,Automatic,5,7,1499,Luar Jabodetabek,209000000
Mitsubishi,2014-2018,Automatic,5,7,1499,Luar Jabodetabek,211000000
Mitsubishi,2014-2018,Automatic,5,7,1499,Luar Jabodetabek,212000000
Mitsubishi,2014-2018,Automatic,5,7,1499,Jabodetabek,213000000
Mitsubishi,2014-2018,Automatic,5,7,1499,Luar Jabodetabek,214000000
Mitsubishi,2014-2018,Automatic,5,7,1499,Luar Jabodetabek,215000000
Mitsubishi,2014-2018,Automatic,5,7,1499,Luar Jabodetabek,216000000
Mitsubishi,2014-2018,Automatic,5,7,1499,Luar Jabodetabek,216000000
Mitsubishi,2014-2018,Automatic,5,7,1499,Luar Jabodetabek,216000000
Mitsubishi,2014-2018,Automatic,5,7,1499,Jabodetabek,216000000
Mitsubishi,2014-2018,Automatic,5,7,1499,Jabodetabek,218000000
Mitsubishi,2014-2018,Automatic,5,7,1499,Jabodetabek,219000000
Mitsubishi,2014-2018,Automatic,5,7,1499,Luar Jabodetabek,219000000
Mitsubishi,2014-2018,Automatic,5,7,1499,Jabodetabek,219000000
Mitsubishi,2014-2018,Automatic,5,7,1499,Luar Jabodetabek,220000000
Mitsubishi,2019-2023,Manual,5,7,1499,Luar Jabodetabek,155000000
Mitsubishi,2019-2023,Manual,5,7,1499,Luar Jabodetabek,158000000
Mitsubishi,2019-2023,Manual,5,7,1499,Luar Jabodetabek,159000000
Mitsubishi,2019-2023,Manual,5,7,1499,Luar Jabodetabek,164000000
Mitsubishi,2019-2023,Manual,5,7,1499,Luar Jabodetabek,165000000
Mitsubishi,2019-2023,Manual,5,7,1499,Luar Jabodetabek,180000000
Mitsubishi,2019-2023,Automatic,5,7,1499,Luar Jabodetabek,196000000
Mitsubishi,2019-2023,Manual,5,7,1499,Luar Jabodetabek,197000000
Mitsubishi,2019-2023,Manual,5,7,1499,Jabodetabek,203000000
Mitsubishi,2019-2023,Automatic,5,7,1499,Luar Jabodetabek,203000000
Mitsubishi,2019-2023,Automatic,5,7,1499,Luar Jabodetabek,208000000
Mitsubishi,2019-2023,Automatic,5,7,1499,Jabodetabek,209000000
Mitsubishi,2019-2023,Automatic,5,7,1499,Luar Jabodetabek,209000000
Mitsubishi,2019-2023,Automatic,5,7,1499,Jabodetabek,214000000
Mitsubishi,2019-2023,Automatic,5,7,1499,Luar Jabodetabek,215000000
Mitsubishi,2019-2023,Automatic,5,7,1499,Jabodetabek,218000000
Mitsubishi,2019-2023,Automatic,5,7,1499,Luar Jabodetabek,224000000
Mitsubishi,2019-2023,Automatic,5,7,1499,Jabodetabek,224033842
Mitsubishi,2019-2023,Automatic,5,7,1499,Luar Jabodetabek,224264538
Mitsubishi,2019-2023,Automatic,5,7,1499,Luar Jabodetabek,231000000
Mitsubishi,2019-2023,Automatic,5,7,1499,Luar Jabodetabek,231000000
Mitsubishi,2019-2023,Manual,5,7,1499,Jabodetabek,166000000
Mitsubishi,2019-2023,Automatic,5,7,1499,Luar Jabodetabek,189000000
Mitsubishi,2019-2023,Automatic,5,7,1499,Jabodetabek,200000000
Mitsubishi,2019-2023,Automatic,5,7,1499,Luar Jabodetabek,231000000
Mitsubishi,2019-2023,Automatic,5,7,1499,Jabodetabek,234000000
Mitsubishi,2019-2023,Automatic,5,7,1499,Luar Jabodetabek,248000000
Mitsubishi,2019-2023,Automatic,5,7,1499,Luar Jabodetabek,240000000
Mitsubishi,2019-2023,Automatic,5,7,1499,Jabodetabek,240000000
Mitsubishi,2019-2023,Automatic,5,7,1499,Luar Jabodetabek,260000000
Toyota,2014-2018,Automatic,4,5,1798,Jabodetabek,195000000
Honda,2014-2018,Automatic,4,5,1798,Jabodetabek,207000000
Toyota,2014-2018,Automatic,4,5,1798,Luar Jabodetabek,260000000
Honda,<=2013,Automatic,4,5,1799,Luar Jabodetabek,165000000
Honda,<=2013,Automatic,4,5,1799,Luar Jabodetabek,170000000
Honda,2014-2018,Automatic,5,5,1799,Luar Jabodetabek,230500000
Honda,2014-2018,Automatic,5,5,1799,Luar Jabodetabek,242500000
Honda,2014-2018,Automatic,5,5,1799,Luar Jabodetabek,270000000
Honda,2014-2018,Automatic,5,5,1799,Luar Jabodetabek,254000000
Honda,2014-2018,Automatic,5,5,1799,Luar Jabodetabek,245000000
Honda,2014-2018,Automatic,5,5,1799,Luar Jabodetabek,275000000
Honda,2019-2023,Automatic,5,5,1799,Jabodetabek,290000000
Toyota,2014-2018,Automatic,5,5,1986,Luar Jabodetabek,415000000
Toyota,2019-2023,Automatic,5,7,1986,Jabodetabek,550000000
Toyota,<=2013,Automatic,5,7,1987,Luar Jabodetabek,168500000
Toyota,2014-2018,Automatic,5,7,1987,Luar Jabodetabek,358000000
Toyota,2014-2018,Automatic,5,7,1987,Jabodetabek,359500000
Toyota,2014-2018,Automatic,5,7,1987,Jabodetabek,360000000
Toyota,2014-2018,Automatic,5,7,1987,Luar Jabodetabek,368000000
Toyota,2019-2023,Automatic,5,7,1987,Luar Jabodetabek,420000000
Suzuki,<=2013,Manual,5,5,1995,Jabodetabek,105000000
Honda,<=2013,Automatic,5,5,1997,Jabodetabek,100000000
Honda,2014-2018,Automatic,5,5,1997,Jabodetabek,209000000
Honda,2014-2018,Automatic,4,5,1997,Luar Jabodetabek,175000000
Toyota,<=2013,Automatic,5,8,1998,Jabodetabek,130000000
Toyota,<=2013,Automatic,5,8,1998,Luar Jabodetabek,152000000
Toyota,<=2013,Automatic,5,7,1998,Luar Jabodetabek,173000000
Toyota,<=2013,Automatic,5,7,1998,Jabodetabek,175000000
Mitsubishi,<=2013,Automatic,5,5,1998,Jabodetabek,169000000
Toyota,2014-2018,Automatic,5,8,1998,Luar Jabodetabek,185000000
Mitsubishi,2014-2018,Automatic,5,5,1998,Jabodetabek,157000000
Toyota,2014-2018,Manual,5,8,1998,Jabodetabek,192000000
Toyota,2014-2018,Manual,5,8,1998,Luar Jabodetabek,205000000
Toyota,2014-2018,Automatic,5,7,1998,Luar Jabodetabek,185000000
Mitsubishi,2014-2018,Automatic,5,5,1998,Luar Jabodetabek,188000000
Toyota,2014-2018,Automatic,5,8,1998,Jabodetabek,259000000
Toyota,2014-2018,Automatic,5,8,1998,Luar Jabodetabek,259000000
Toyota,2014-2018,Automatic,5,8,1998,Jabodetabek,278547169
Toyota,2014-2018,Automatic,5,8,1998,Luar Jabodetabek,292000000
Mitsubishi,2014-2018,Automatic,5,5,1998,Luar Jabodetabek,203000000
Toyota,2014-2018,Manual,5,8,1998,Luar Jabodetabek,223500000
Toyota,2014-2018,Automatic,5,8,1998,Luar Jabodetabek,245000000
Toyota,2014-2018,Manual,5,8,1998,Luar Jabodetabek,252000000
Toyota,2014-2018,Automatic,5,8,1998,Luar Jabodetabek,295000000
Toyota,2014-2018,Automatic,5,7,1998,Luar Jabodetabek,319000000
Toyota,2014-2018,Automatic,5,8,1998,Luar Jabodetabek,250000000
Toyota,2014-2018,Automatic,5,8,1998,Luar Jabodetabek,267000000
Toyota,2014-2018,Automatic,5,8,1998,Jabodetabek,291000000
Toyota,2014-2018,Automatic,5,8,1998,Luar Jabodetabek,291000000
Mitsubishi,2014-2018,Automatic,5,5,1998,Jabodetabek,235000000
Toyota,2019-2023,Automatic,5,8,1998,Luar Jabodetabek,270000000
Toyota,2019-2023,Automatic,5,8,1998,Jabodetabek,289000000
Toyota,2019-2023,Automatic,5,8,1998,Luar Jabodetabek,298000000
Toyota,2019-2023,Automatic,5,8,1998,Luar Jabodetabek,315000000
Toyota,2019-2023,Automatic,5,8,1998,Luar Jabodetabek,340000000
Toyota,2019-2023,Automatic,5,7,1998,Luar Jabodetabek,359000000
Toyota,2019-2023,Automatic,5,8,1998,Luar Jabodetabek,301000000
Toyota,2019-2023,Automatic,5,8,1998,Jabodetabek,374000000
Toyota,2019-2023,Automatic,5,8,1998,Luar Jabodetabek,356000000
Honda,<=2013,Automatic,5,5,2354,Luar Jabodetabek,125000000
Honda,<=2013,Automatic,5,7,2354,Jabodetabek,200000000
Honda,<=2013,Automatic,5,5,2354,Jabodetabek,145000000
Honda,<=2013,Automatic,5,5,2354,Jabodetabek,195000000
Honda,<=2013,Automatic,5,5,2354,Jabodetabek,195000000
Honda,<=2013,Automatic,5,5,2354,Luar Jabodetabek,198000000
Honda,<=2013,Automatic,5,5,2354,Jabodetabek,179000000
Honda,<=2013,Automatic,5,5,2354,Jabodetabek,195000000
Honda,<=2013,Automatic,5,5,2354,Jabodetabek,210000000
Honda,2014-2018,Automatic,5,5,2354,Luar Jabodetabek,185000000
Honda,2014-2018,Automatic,5,5,2354,Luar Jabodetabek,185000000
Honda,2014-2018,Automatic,5,5,2354,Jabodetabek,200000000
Honda,2014-2018,Automatic,5,5,2354,Jabodetabek,215000000
Honda,2014-2018,Automatic,5,5,2354,Luar Jabodetabek,235000000
Honda,2014-2018,Automatic,5,5,2354,Jabodetabek,273000000
Honda,2014-2018,Automatic,5,5,2354,Jabodetabek,246000000
Honda,2014-2018,Automatic,5,5,2354,Jabodetabek,274000000
Honda,2014-2018,Automatic,5,5,2354,Jabodetabek,281000000
Honda,2014-2018,Automatic,5,5,2354,Luar Jabodetabek,329000000
Honda,2014-2018,Automatic,5,5,2354,Jabodetabek,346000000
Honda,2014-2018,Automatic,4,5,2356,Luar Jabodetabek,275000000
Honda,2014-2018,Automatic,4,5,2356,Luar Jabodetabek,259000000
Honda,2014-2018,Automatic,4,5,2356,Luar Jabodetabek,287000000
Toyota,<=2013,Automatic,4,5,2362,Luar Jabodetabek,112000000
Toyota,<=2013,Automatic,5,7,2362,Jabodetabek,280000000
Toyota,<=2013,Automatic,5,7,2362,Jabodetabek,285000000
Toyota,<=2013,Automatic,4,5,2362,Luar Jabodetabek,135000000
Toyota,<=2013,Automatic,5,5,2362,Luar Jabodetabek,179000000
Toyota,<=2013,Automatic,5,7,2362,Luar Jabodetabek,300000000
Toyota,<=2013,Automatic,5,7,2362,Jabodetabek,309000000
Toyota,<=2013,Automatic,5,7,2362,Luar Jabodetabek,350000000
Toyota,<=2013,Automatic,5,7,2362,Luar Jabodetabek,370000000
Toyota,<=2013,Automatic,5,7,2362,Luar Jabodetabek,405000000
Toyota,2014-2018,Automatic,5,7,2362,Luar Jabodetabek,300000000
Toyota,2014-2018,Automatic,5,7,2362,Jabodetabek,399000000
Toyota,2014-2018,Automatic,5,7,2393,Jabodetabek,369000000
Toyota,2014-2018,Automatic,5,7,2393,Luar Jabodetabek,381000000
Toyota,2014-2018,Automatic,5,7,2393,Luar Jabodetabek,394000000
Toyota,2014-2018,Automatic,5,7,2393,Jabodetabek,385000000
Toyota,2014-2018,Automatic,5,7,2393,Jabodetabek,389000000
Toyota,2014-2018,Automatic,5,7,2393,Luar Jabodetabek,420000000
Toyota,2019-2023,Automatic,5,8,2393,Jabodetabek,282000000
Toyota,2019-2023,Automatic,5,8,2393,Luar Jabodetabek,309000000
Toyota,2019-2023,Automatic,5,8,2393,Luar Jabodetabek,310000000
Toyota,2019-2023,Automatic,5,8,2393,Luar Jabodetabek,324500000
Toyota,2019-2023,Automatic,5,8,2393,Luar Jabodetabek,355000000
Toyota,2019-2023,Automatic,5,7,2393,Jabodetabek,419000000
Toyota,2019-2023,Automatic,5,7,2393,Jabodetabek,438000000
Toyota,2019-2023,Automatic,5,8,2393,Jabodetabek,343000000
Toyota,2019-2023,Automatic,5,8,2393,Jabodetabek,372000000
Toyota,2019-2023,Automatic,5,8,2393,Jabodetabek,373000000
Toyota,2019-2023,Automatic,5,7,2393,Jabodetabek,429500000
Toyota,2019-2023,Automatic,5,8,2393,Luar Jabodetabek,430000000
Toyota,2019-2023,Automatic,5,8,2393,Luar Jabodetabek,430000000
Toyota,2019-2023,Automatic,5,7,2393,Luar Jabodetabek,460000000
Toyota,2019-2023,Automatic,5,7,2393,Luar Jabodetabek,480000000
Toyota,2019-2023,Automatic,5,7,2393,Jabodetabek,496000000
Toyota,2019-2023,Automatic,5,8,2393,Luar Jabodetabek,355000000
Toyota,2019-2023,Automatic,5,8,2393,Jabodetabek,395000000
Toyota,2019-2023,Automatic,4,5,2393,Jabodetabek,505000000
Mitsubishi,2014-2018,Automatic,5,7,2442,Luar Jabodetabek,359000000
Mitsubishi,2014-2018,Automatic,5,7,2442,Luar Jabodetabek,388000000
Mitsubishi,2014-2018,Automatic,5,7,2442,Jabodetabek,394000000
Mitsubishi,2014-2018,Automatic,5,7,2442,Jabodetabek,423000000
Mitsubishi,2014-2018,Automatic,5,7,2442,Jabodetabek,440000000
Mitsubishi,2014-2018,Automatic,5,7,2442,Jabodetabek,447000000
Mitsubishi,2019-2023,Automatic,5,7,2442,Jabodetabek,435000000
Mitsubishi,2019-2023,Automatic,5,7,2442,Luar Jabodetabek,465000000
Mitsubishi,2019-2023,Automatic,5,7,2442,Luar Jabodetabek,474000000
Mitsubishi,2019-2023,Automatic,5,7,2442,Luar Jabodetabek,530000000
Mitsubishi,2019-2023,Automatic,5,7,2442,Luar Jabodetabek,530000000
Mitsubishi,2019-2023,Automatic,5,7,2442,Jabodetabek,584000000
Mitsubishi,2019-2023,Automatic,5,7,2442,Luar Jabodetabek,665000000
Mitsubishi,<=2013,Automatic,5,7,2477,Luar Jabodetabek,235000000
Mitsubishi,<=2013,Automatic,5,7,2477,Luar Jabodetabek,279500000
Mitsubishi,<=2013,Automatic,5,7,2477,Luar Jabodetabek,255000000
Mitsubishi,2014-2018,Automatic,5,7,2477,Jabodetabek,290000000
Mitsubishi,2014-2018,Automatic,5,7,2477,Jabodetabek,265000000
Mitsubishi,2014-2018,Automatic,5,7,2477,Jabodetabek,379000000
Mitsubishi,2014-2018,Manual,5,7,2477,Luar Jabodetabek,389000000
Toyota,<=2013,Automatic,5,8,2494,Jabodetabek,205000000
Toyota,2014-2018,Automatic,5,8,2494,Jabodetabek,249000000
Toyota,2014-2018,Automatic,5,7,2494,Luar Jabodetabek,720000000
Toyota,2014-2018,Automatic,5,7,2494,Luar Jabodetabek,800000000
Toyota,2014-2018,Automatic,5,7,2494,Luar Jabodetabek,858000000
Toyota,2014-2018,Automatic,5,7,2494,Luar Jabodetabek,858000000
Toyota,2014-2018,Automatic,4,5,2494,Luar Jabodetabek,275000000
Toyota,2019-2023,Automatic,5,7,2494,Luar Jabodetabek,895000000
Toyota,2019-2023,Automatic,5,7,2494,Luar Jabodetabek,895000000
Toyota,2019-2023,Automatic,5,7,2494,Jabodetabek,938000000
Toyota,2019-2023,Automatic,5,7,2494,Luar Jabodetabek,945000000
Toyota,2019-2023,Automatic,5,7,2494,Jabodetabek,975000000
Toyota,2019-2023,Automatic,5,7,2494,Jabodetabek,1080000000
Toyota,2019-2023,Automatic,5,7,2494,Jabodetabek,1095000000
Toyota,<=2013,Automatic,5,7,2694,Jabodetabek,198000000
Toyota,2014-2018,Automatic,5,7,2694,Jabodetabek,360000000
Toyota,2019-2023,Automatic,5,7,2694,Jabodetabek,420000000
Toyota,2019-2023,Automatic,5,8,2754,Jabodetabek,1850000000
Toyota,2019-2023,Automatic,5,7,2755,Luar Jabodetabek,505000000